
  {
	"ChangeGuid": "7B630D7A-8D24-4871-94DA-20220505-0933",
	"ChangeSequence": "15074094",
	"ChangeDate": "2022-04-14",
	"ChangeTime": "17:10:40",
	"ChangeType": "N",
	"ChangeDCT": "SRS",
	"ChangeENT": "AYR",
	"EntityAPIs": [
		{
			"APIName": "Applicant API",
			"APIEndpoint": "https://stutalk-b.dev.kcl.tribalsits.com/urd/sits.urd/run/SIW_RWS/APPLICANT/CAP_STUC/:CAP_STUC"
		},
		{
			"APIName": "CourseApplication API",
			"APIEndpoint": "https://stutalk-b.dev.kcl.tribalsits.com/urd/sits.urd/run/SIW_RWS/COURSE-APPLICATION/CAP_STUC/:CAP_STUC/CAP_APFS/:CAP_APFS/CAP_SEQN/:CAP_SEQN"
		}
	],
	"PrimaryKeySITSValues": {
		"CAP_STUC": "1788725",
		"CAP_APFS": "02",
		"CAP_SEQN": "01"
	},
	"PrimaryKeyValues": {
		"AcademicYearCode": "1788725"
	},
	"PreviousValues": {
		"AcademicYearStartYear": ""
	},
	"NewValues": {
		"AcademicYearStartYear": "1"
	}
}
